,Year,Police Region,Local Government Area,Total Population
0,2012,2 Eastern,Alpine,12182
1,2012,4 Western,Ararat,11399
2,2012,4 Western,Ballarat,96727
3,2012,1 North West Metro,Banyule,123583
4,2012,2 Eastern,Bass Coast,30811
5,2012,2 Eastern,Baw Baw,44505
6,2012,3 Southern Metro,Bayside,96970
7,2012,2 Eastern,Benalla,13848
8,2012,2 Eastern,Boroondara,168482
9,2012,1 North West Metro,Brimbank,193773
10,2012,4 Western,Buloke,6433
11,2012,4 Western,Campaspe,37040
12,2012,3 Southern Metro,Cardinia,80421
13,2012,3 Southern Metro,Casey,269239
14,2012,4 Western,Central Goldfields,12713
15,2012,4 Western,Colac-Otway,20901
16,2012,4 Western,Corangamite,16469
17,2012,1 North West Metro,Darebin,144985
18,2012,2 Eastern,East Gippsland,43328
19,2012,3 Southern Metro,Frankston,132193
20,2012,4 Western,Gannawarra,10497
21,2012,3 Southern Metro,Glen Eira,139115
22,2012,4 Western,Glenelg,19824
23,2012,4 Western,Golden Plains,19603
24,2012,4 Western,Greater Bendigo,103904
25,2012,3 Southern Metro,Greater Dandenong,145115
26,2012,4 Western,Greater Geelong,219151
27,2012,2 Eastern,Greater Shepparton,62561
28,2012,4 Western,Hepburn,14824
29,2012,4 Western,Hindmarsh,5856
30,2012,1 North West Metro,Hobsons Bay,88338
31,2012,4 Western,Horsham,19607
32,2012,1 North West Metro,Hume,179201
33,2012,2 Eastern,Indigo,15453
34,2012,3 Southern Metro,Kingston,150434
35,2012,2 Eastern,Knox,155405
36,2012,2 Eastern,Latrobe,74003
37,2012,4 Western,Loddon,7528
38,2012,4 Western,Macedon Ranges,43793
39,2012,2 Eastern,Manningham,117439
40,2012,2 Eastern,Mansfield,8096
41,2012,1 North West Metro,Maribyrnong,77178
42,2012,2 Eastern,Maroondah,108433
43,2012,1 North West Metro,Melbourne,107577
44,2012,1 North West Metro,Melton,118328
45,2012,4 Western,Mildura,52474
46,2012,2 Eastern,Mitchell,36383
47,2012,2 Eastern,Moira,28674
48,2012,2 Eastern,Monash,180311
49,2012,1 North West Metro,Moonee Valley,113672
50,2012,4 Western,Moorabool,29362
51,2012,1 North West Metro,Moreland,156966
52,2012,3 Southern Metro,Mornington Peninsula,151699
53,2012,4 Western,Mount Alexander,18052
54,2012,4 Western,Moyne,16303
55,2012,2 Eastern,Murrindindi,13455
56,2012,1 North West Metro,Nillumbik,62934
57,2012,4 Western,Northern Grampians,11969
58,2012,3 Southern Metro,Port Phillip,99892
59,2012,4 Western,Pyrenees,6859
60,2012,4 Western,Queenscliffe,3056
61,2012,2 Eastern,South Gippsland,27925
62,2012,4 Western,Southern Grampians,16460
63,2012,3 Southern Metro,Stonnington,101409
64,2012,2 Eastern,Strathbogie,9743
65,2012,4 Western,Surf Coast,27529
66,2012,4 Western,Swan Hill,20970
67,2012,2 Eastern,Towong,5939
68,2012,2 Eastern,Wangaratta,27437
69,2012,4 Western,Warrnambool,33058
70,2012,2 Eastern,Wellington,42444
71,2012,4 Western,West Wimmera,4213
72,2012,2 Eastern,Whitehorse,159660
73,2012,1 North West Metro,Whittlesea,169992
74,2012,2 Eastern,Wodonga,36757
75,2012,1 North West Metro,Wyndham,179130
76,2012,1 North West Metro,Yarra,81267
77,2012,2 Eastern,Yarra Ranges,149863
78,2012,4 Western,Yarriambiack,7094
79,2013,2 Eastern,Alpine,12282
80,2013,4 Western,Ararat,11489
81,2013,4 Western,Ballarat,98343
82,2013,1 North West Metro,Banyule,124313
83,2013,2 Eastern,Bass Coast,31330
84,2013,2 Eastern,Baw Baw,45626
85,2013,3 Southern Metro,Bayside,98251
86,2013,2 Eastern,Benalla,13877
87,2013,2 Eastern,Boroondara,170484
88,2013,1 North West Metro,Brimbank,196168
89,2013,4 Western,Buloke,6387
90,2013,4 Western,Campaspe,37212
91,2013,3 Southern Metro,Cardinia,84590
92,2013,3 Southern Metro,Casey,278022
93,2013,4 Western,Central Goldfields,12814
94,2013,4 Western,Colac-Otway,21034
95,2013,4 Western,Corangamite,16409
96,2013,1 North West Metro,Darebin,147271
97,2013,2 Eastern,East Gippsland,43808
98,2013,3 Southern Metro,Frankston,134350
99,2013,4 Western,Gannawarra,10525
100,2013,3 Southern Metro,Glen Eira,141259
101,2013,4 Western,Glenelg,19796
102,2013,4 Western,Golden Plains,20361
103,2013,4 Western,Greater Bendigo,105956
104,2013,3 Southern Metro,Greater Dandenong,148501
105,2013,4 Western,Greater Geelong,223356
106,2013,2 Eastern,Greater Shepparton,63243
107,2013,4 Western,Hepburn,15021
108,2013,4 Western,Hindmarsh,5851
109,2013,1 North West Metro,Hobsons Bay,89187
110,2013,4 Western,Horsham,19693
111,2013,1 North West Metro,Hume,184872
112,2013,2 Eastern,Indigo,15604
113,2013,3 Southern Metro,Kingston,152335
114,2013,2 Eastern,Knox,156346
115,2013,2 Eastern,Latrobe,74123
116,2013,4 Western,Loddon,7517
117,2013,4 Western,Macedon Ranges,44594
118,2013,2 Eastern,Manningham,118356
119,2013,2 Eastern,Mansfield,8275
120,2013,1 North West Metro,Maribyrnong,79781
121,2013,2 Eastern,Maroondah,109780
122,2013,1 North West Metro,Melbourne,118710
123,2013,1 North West Metro,Melton,123935
124,2013,4 Western,Mildura,53155
125,2013,2 Eastern,Mitchell,37787
126,2013,2 Eastern,Moira,28904
127,2013,2 Eastern,Monash,183254
128,2013,1 North West Metro,Moonee Valley,115463
129,2013,4 Western,Moorabool,30409
130,2013,1 North West Metro,Moreland,160281
131,2013,3 Southern Metro,Mornington Peninsula,154000
132,2013,4 Western,Mount Alexander,18246
133,2013,4 Western,Moyne,16430
134,2013,2 Eastern,Murrindindi,13562
135,2013,1 North West Metro,Nillumbik,63173
136,2013,4 Western,Northern Grampians,11879
137,2013,3 Southern Metro,Port Phillip,102155
138,2013,4 Western,Pyrenees,6937
139,2013,4 Western,Queenscliffe,3001
140,2013,2 Eastern,South Gippsland,28272
141,2013,4 Western,Southern Grampians,16354
142,2013,3 Southern Metro,Stonnington,103486
143,2013,2 Eastern,Strathbogie,9866
144,2013,4 Western,Surf Coast,28227
145,2013,4 Western,Swan Hill,21002
146,2013,2 Eastern,Towong,5960
147,2013,2 Eastern,Wangaratta,27649
148,2013,4 Western,Warrnambool,33422
149,2013,2 Eastern,Wellington,42720
150,2013,4 Western,West Wimmera,4123
151,2013,2 Eastern,Whitehorse,162080
152,2013,1 North West Metro,Whittlesea,179271
153,2013,2 Eastern,Wodonga,37574
154,2013,1 North West Metro,Wyndham,190210
155,2013,1 North West Metro,Yarra,83961
156,2013,2 Eastern,Yarra Ranges,150901
157,2013,4 Western,Yarriambiack,7031
158,2014,2 Eastern,Alpine,12354
159,2014,4 Western,Ararat,11559
160,2014,4 Western,Ballarat,99913
161,2014,1 North West Metro,Banyule,125106
162,2014,2 Eastern,Bass Coast,31916
163,2014,2 Eastern,Baw Baw,46643
164,2014,3 Southern Metro,Bayside,99796
165,2014,2 Eastern,Benalla,13897
166,2014,2 Eastern,Boroondara,172659
167,2014,1 North West Metro,Brimbank,198467
168,2014,4 Western,Buloke,6334
169,2014,4 Western,Campaspe,37337
170,2014,3 Southern Metro,Cardinia,88069
171,2014,3 Southern Metro,Casey,287936
172,2014,4 Western,Central Goldfields,12883
173,2014,4 Western,Colac-Otway,21130
174,2014,4 Western,Corangamite,16339
175,2014,1 North West Metro,Darebin,149510
176,2014,2 Eastern,East Gippsland,44276
177,2014,3 Southern Metro,Frankston,136180
178,2014,4 Western,Gannawarra,10533
179,2014,3 Southern Metro,Glen Eira,143693
180,2014,4 Western,Glenelg,19754
181,2014,4 Western,Golden Plains,20898
182,2014,4 Western,Greater Bendigo,107954
183,2014,3 Southern Metro,Greater Dandenong,152134
184,2014,4 Western,Greater Geelong,227743
185,2014,2 Eastern,Greater Shepparton,63918
186,2014,4 Western,Hepburn,15183
187,2014,4 Western,Hindmarsh,5843
188,2014,1 North West Metro,Hobsons Bay,90416
189,2014,4 Western,Horsham,19747
190,2014,1 North West Metro,Hume,191277
191,2014,2 Eastern,Indigo,15731
192,2014,3 Southern Metro,Kingston,154209
193,2014,2 Eastern,Knox,157433
194,2014,2 Eastern,Latrobe,74133
195,2014,4 Western,Loddon,7512
196,2014,4 Western,Macedon Ranges,45470
197,2014,2 Eastern,Manningham,119436
198,2014,2 Eastern,Mansfield,8394
199,2014,1 North West Metro,Maribyrnong,82462
200,2014,2 Eastern,Maroondah,111420
201,2014,1 North West Metro,Melbourne,127974
202,2014,1 North West Metro,Melton,129308
203,2014,4 Western,Mildura,53736
204,2014,2 Eastern,Mitchell,39083
205,2014,2 Eastern,Moira,29099
206,2014,2 Eastern,Monash,186149
207,2014,1 North West Metro,Moonee Valley,117762
208,2014,4 Western,Moorabool,31065
209,2014,1 North West Metro,Moreland,164098
210,2014,3 Southern Metro,Mornington Peninsula,156499
211,2014,4 Western,Mount Alexander,18500
212,2014,4 Western,Moyne,16511
213,2014,2 Eastern,Murrindindi,13686
214,2014,1 North West Metro,Nillumbik,63432
215,2014,4 Western,Northern Grampians,11776
216,2014,3 Southern Metro,Port Phillip,104450
217,2014,4 Western,Pyrenees,7046
218,2014,4 Western,Queenscliffe,2970
219,2014,2 Eastern,South Gippsland,28520
220,2014,4 Western,Southern Grampians,16254
221,2014,3 Southern Metro,Stonnington,105893
222,2014,2 Eastern,Strathbogie,10017
223,2014,4 Western,Surf Coast,28873
224,2014,4 Western,Swan Hill,20939
225,2014,2 Eastern,Towong,5981
226,2014,2 Eastern,Wangaratta,27861
227,2014,4 Western,Warrnambool,33728
228,2014,2 Eastern,Wellington,42947
229,2014,4 Western,West Wimmera,4037
230,2014,2 Eastern,Whitehorse,164319
231,2014,1 North West Metro,Whittlesea,187898
232,2014,2 Eastern,Wodonga,38368
233,2014,1 North West Metro,Wyndham,201511
234,2014,1 North West Metro,Yarra,87227
235,2014,2 Eastern,Yarra Ranges,151967
236,2014,4 Western,Yarriambiack,6923
237,2015,2 Eastern,Alpine,12428
238,2015,4 Western,Ararat,11643
239,2015,4 Western,Ballarat,101478
240,2015,1 North West Metro,Banyule,126087
241,2015,2 Eastern,Bass Coast,32575
242,2015,2 Eastern,Baw Baw,47836
243,2015,3 Southern Metro,Bayside,101267
244,2015,2 Eastern,Benalla,13922
245,2015,2 Eastern,Boroondara,174752
246,2015,1 North West Metro,Brimbank,200859
247,2015,4 Western,Buloke,6305
248,2015,4 Western,Campaspe,37428
249,2015,3 Southern Metro,Cardinia,92297
250,2015,3 Southern Metro,Casey,299527
251,2015,4 Western,Central Goldfields,12949
252,2015,4 Western,Colac-Otway,21229
253,2015,4 Western,Corangamite,16273
254,2015,1 North West Metro,Darebin,151973
255,2015,2 Eastern,East Gippsland,44867
256,2015,3 Southern Metro,Frankston,137789
257,2015,4 Western,Gannawarra,10535
258,2015,3 Southern Metro,Glen Eira,145923
259,2015,4 Western,Glenelg,19721
260,2015,4 Western,Golden Plains,21387
261,2015,4 Western,Greater Bendigo,109907
262,2015,3 Southern Metro,Greater Dandenong,156060
263,2015,4 Western,Greater Geelong,232925
264,2015,2 Eastern,Greater Shepparton,64488
265,2015,4 Western,Hepburn,15333
266,2015,4 Western,Hindmarsh,5807
267,2015,1 North West Metro,Hobsons Bay,91673
268,2015,4 Western,Horsham,19791
269,2015,1 North West Metro,Hume,198175
270,2015,2 Eastern,Indigo,15921
271,2015,3 Southern Metro,Kingston,156243
272,2015,2 Eastern,Knox,158699
273,2015,2 Eastern,Latrobe,74265
274,2015,4 Western,Loddon,7530
275,2015,4 Western,Macedon Ranges,46372
276,2015,2 Eastern,Manningham,120784
277,2015,2 Eastern,Mansfield,8529
278,2015,1 North West Metro,Maribyrnong,84782
279,2015,2 Eastern,Maroondah,113022
280,2015,1 North West Metro,Melbourne,136871
281,2015,1 North West Metro,Melton,134914
282,2015,4 Western,Mildura,54155
283,2015,2 Eastern,Mitchell,40263
284,2015,2 Eastern,Moira,29287
285,2015,2 Eastern,Monash,189173
286,2015,1 North West Metro,Moonee Valley,120230
287,2015,4 Western,Moorabool,31747
288,2015,1 North West Metro,Moreland,167869
289,2015,3 Southern Metro,Mornington Peninsula,158830
290,2015,4 Western,Mount Alexander,18793
291,2015,4 Western,Moyne,16590
292,2015,2 Eastern,Murrindindi,13847
293,2015,1 North West Metro,Nillumbik,63674
294,2015,4 Western,Northern Grampians,11643
295,2015,3 Southern Metro,Port Phillip,106380
296,2015,4 Western,Pyrenees,7178
297,2015,4 Western,Queenscliffe,2932
298,2015,2 Eastern,South Gippsland,28780
299,2015,4 Western,Southern Grampians,16161
300,2015,3 Southern Metro,Stonnington,108027
301,2015,2 Eastern,Strathbogie,10174
302,2015,4 Western,Surf Coast,29624
303,2015,4 Western,Swan Hill,20892
304,2015,2 Eastern,Towong,6004
305,2015,2 Eastern,Wangaratta,28142
306,2015,4 Western,Warrnambool,34004
307,2015,2 Eastern,Wellington,43171
308,2015,4 Western,West Wimmera,3973
309,2015,2 Eastern,Whitehorse,166678
310,2015,1 North West Metro,Whittlesea,196846
311,2015,2 Eastern,Wodonga,39222
312,2015,1 North West Metro,Wyndham,213814
313,2015,1 North West Metro,Yarra,89922
314,2015,2 Eastern,Yarra Ranges,153390
315,2015,4 Western,Yarriambiack,6825
316,2016,2 Eastern,Alpine,12577
317,2016,4 Western,Ararat,11744
318,2016,4 Western,Ballarat,103499
319,2016,1 North West Metro,Banyule,127446
320,2016,2 Eastern,Bass Coast,33463
321,2016,2 Eastern,Baw Baw,49295
322,2016,3 Southern Metro,Bayside,102911
323,2016,2 Eastern,Benalla,13981
324,2016,2 Eastern,Boroondara,177275
325,2016,1 North West Metro,Brimbank,204189
326,2016,4 Western,Buloke,6283
327,2016,4 Western,Campaspe,37594
328,2016,3 Southern Metro,Cardinia,97572
329,2016,3 Southern Metro,Casey,312788
330,2016,4 Western,Central Goldfields,13086
331,2016,4 Western,Colac-Otway,21361
332,2016,4 Western,Corangamite,16242
333,2016,1 North West Metro,Darebin,155125
334,2016,2 Eastern,East Gippsland,45599
335,2016,3 Southern Metro,Frankston,139501
336,2016,4 Western,Gannawarra,10566
337,2016,3 Southern Metro,Glen Eira,148582
338,2016,4 Western,Glenelg,19758
339,2016,4 Western,Golden Plains,22015
340,2016,4 Western,Greater Bendigo,112266
341,2016,3 Southern Metro,Greater Dandenong,160221
342,2016,4 Western,Greater Geelong,239528
343,2016,2 Eastern,Greater Shepparton,65071
344,2016,4 Western,Hepburn,15524
345,2016,4 Western,Hindmarsh,5783
346,2016,1 North West Metro,Hobsons Bay,93444
347,2016,4 Western,Horsham,19883
348,2016,1 North West Metro,Hume,207040
349,2016,2 Eastern,Indigo,16164
350,2016,3 Southern Metro,Kingston,158940
351,2016,2 Eastern,Knox,160352
352,2016,2 Eastern,Latrobe,74621
353,2016,4 Western,Loddon,7557
354,2016,4 Western,Macedon Ranges,47479
355,2016,2 Eastern,Manningham,122569
356,2016,2 Eastern,Mansfield,8673
357,2016,1 North West Metro,Maribyrnong,86941
358,2016,2 Eastern,Maroondah,114799
359,2016,1 North West Metro,Melbourne,146095
360,2016,1 North West Metro,Melton,141419
361,2016,4 Western,Mildura,54657
362,2016,2 Eastern,Mitchell,41794
363,2016,2 Eastern,Moira,29485
364,2016,2 Eastern,Monash,192624
365,2016,1 North West Metro,Moonee Valley,122870
366,2016,4 Western,Moorabool,32671
367,2016,1 North West Metro,Moreland,172293
368,2016,3 Southern Metro,Mornington Peninsula,161527
369,2016,4 Western,Mount Alexander,19096
370,2016,4 Western,Moyne,16736
371,2016,2 Eastern,Murrindindi,14051
372,2016,1 North West Metro,Nillumbik,64173
373,2016,4 Western,Northern Grampians,11569
374,2016,3 Southern Metro,Port Phillip,108626
375,2016,4 Western,Pyrenees,7315
376,2016,4 Western,Queenscliffe,2928
377,2016,2 Eastern,South Gippsland,29121
378,2016,4 Western,Southern Grampians,16122
379,2016,3 Southern Metro,Stonnington,111002
380,2016,2 Eastern,Strathbogie,10356
381,2016,4 Western,Surf Coast,30464
382,2016,4 Western,Swan Hill,20895
383,2016,2 Eastern,Towong,6045
384,2016,2 Eastern,Wangaratta,28591
385,2016,4 Western,Warrnambool,34241
386,2016,2 Eastern,Wellington,43529
387,2016,4 Western,West Wimmera,3936
388,2016,2 Eastern,Whitehorse,169640
389,2016,1 North West Metro,Whittlesea,207057
390,2016,2 Eastern,Wodonga,40099
391,2016,1 North West Metro,Wyndham,227007
392,2016,1 North West Metro,Yarra,92893
393,2016,2 Eastern,Yarra Ranges,155225
394,2016,4 Western,Yarriambiack,6742
395,2017,2 Eastern,Alpine,12637
396,2017,4 Western,Ararat,11755
397,2017,4 Western,Ballarat,105421
398,2017,1 North West Metro,Banyule,129114
399,2017,2 Eastern,Bass Coast,34385
400,2017,2 Eastern,Baw Baw,50675
401,2017,3 Southern Metro,Bayside,104281
402,2017,2 Eastern,Benalla,13973
403,2017,2 Eastern,Boroondara,179676
404,2017,1 North West Metro,Brimbank,206996
405,2017,4 Western,Buloke,6204
406,2017,4 Western,Campaspe,37596
407,2017,3 Southern Metro,Cardinia,102402
408,2017,3 Southern Metro,Casey,326770
409,2017,4 Western,Central Goldfields,13147
410,2017,4 Western,Colac-Otway,21429
411,2017,4 Western,Corangamite,16209
412,2017,1 North West Metro,Darebin,158750
413,2017,2 Eastern,East Gippsland,46135
414,2017,3 Southern Metro,Frankston,140717
415,2017,4 Western,Gannawarra,10568
416,2017,3 Southern Metro,Glen Eira,151456
417,2017,4 Western,Glenelg,19691
418,2017,4 Western,Golden Plains,22567
419,2017,4 Western,Greater Bendigo,114090
420,2017,3 Southern Metro,Greater Dandenong,163517
421,2017,4 Western,Greater Geelong,245727
422,2017,2 Eastern,Greater Shepparton,65553
423,2017,4 Western,Hepburn,15628
424,2017,4 Western,Hindmarsh,5717
425,2017,1 North West Metro,Hobsons Bay,95070
426,2017,4 Western,Horsham,19884
427,2017,1 North West Metro,Hume,215237
428,2017,2 Eastern,Indigo,16332
429,2017,3 Southern Metro,Kingston,161050
430,2017,2 Eastern,Knox,161826
431,2017,2 Eastern,Latrobe,74907
432,2017,4 Western,Loddon,7506
433,2017,4 Western,Macedon Ranges,48421
434,2017,2 Eastern,Manningham,124269
435,2017,2 Eastern,Mansfield,8795
436,2017,1 North West Metro,Maribyrnong,89361
437,2017,2 Eastern,Maroondah,116320
438,2017,1 North West Metro,Melbourne,159140
439,2017,1 North West Metro,Melton,148617
440,2017,4 Western,Mildura,55141
441,2017,2 Eastern,Mitchell,42902
442,2017,2 Eastern,Moira,29651
443,2017,2 Eastern,Monash,196921
444,2017,1 North West Metro,Moonee Valley,125410
445,2017,4 Western,Moorabool,33441
446,2017,1 North West Metro,Moreland,176973
447,2017,3 Southern Metro,Mornington Peninsula,163833
448,2017,4 Western,Mount Alexander,19296
449,2017,4 Western,Moyne,16792
450,2017,2 Eastern,Murrindindi,14233
451,2017,1 North West Metro,Nillumbik,64617
452,2017,4 Western,Northern Grampians,11516
453,2017,3 Southern Metro,Port Phillip,110655
454,2017,4 Western,Pyrenees,7357
455,2017,4 Western,Queenscliffe,2958
456,2017,2 Eastern,South Gippsland,29320
457,2017,4 Western,Southern Grampians,16122
458,2017,3 Southern Metro,Stonnington,113771
459,2017,2 Eastern,Strathbogie,10483
460,2017,4 Western,Surf Coast,31346
461,2017,4 Western,Swan Hill,20846
462,2017,2 Eastern,Towong,6038
463,2017,2 Eastern,Wangaratta,28852
464,2017,4 Western,Warrnambool,34568
465,2017,2 Eastern,Wellington,43800
466,2017,4 Western,West Wimmera,3893
467,2017,2 Eastern,Whitehorse,173262
468,2017,1 North West Metro,Whittlesea,215685
469,2017,2 Eastern,Wodonga,40811
470,2017,1 North West Metro,Wyndham,241070
471,2017,1 North West Metro,Yarra,95993
472,2017,2 Eastern,Yarra Ranges,156868
473,2017,4 Western,Yarriambiack,6683
474,2018,2 Eastern,Alpine,12729
475,2018,4 Western,Ararat,11794
476,2018,4 Western,Ballarat,107323
477,2018,1 North West Metro,Banyule,130249
478,2018,2 Eastern,Bass Coast,35325
479,2018,2 Eastern,Baw Baw,52011
480,2018,3 Southern Metro,Bayside,105744
481,2018,2 Eastern,Benalla,14022
482,2018,2 Eastern,Boroondara,181375
483,2018,1 North West Metro,Brimbank,208743
484,2018,4 Western,Buloke,6182
485,2018,4 Western,Campaspe,37589
486,2018,3 Southern Metro,Cardinia,107116
487,2018,3 Southern Metro,Casey,340442
488,2018,4 Western,Central Goldfields,13207
489,2018,4 Western,Colac-Otway,21501
490,2018,4 Western,Corangamite,16138
491,2018,1 North West Metro,Darebin,161652
492,2018,2 Eastern,East Gippsland,46815
493,2018,3 Southern Metro,Frankston,141846
494,2018,4 Western,Gannawarra,10545
495,2018,3 Southern Metro,Glen Eira,153919
496,2018,4 Western,Glenelg,19663
497,2018,4 Western,Golden Plains,23117
498,2018,4 Western,Greater Bendigo,116040
499,2018,3 Southern Metro,Greater Dandenong,166139
500,2018,4 Western,Greater Geelong,252228
501,2018,2 Eastern,Greater Shepparton,66007
502,2018,4 Western,Hepburn,15811
503,2018,4 Western,Hindmarsh,5643
504,2018,1 North West Metro,Hobsons Bay,96480
505,2018,4 Western,Horsham,19873
506,2018,1 North West Metro,Hume,224422
507,2018,2 Eastern,Indigo,16488
508,2018,3 Southern Metro,Kingston,163451
509,2018,2 Eastern,Knox,163211
510,2018,2 Eastern,Latrobe,75208
511,2018,4 Western,Loddon,7512
512,2018,4 Western,Macedon Ranges,49386
513,2018,2 Eastern,Manningham,125534
514,2018,2 Eastern,Mansfield,8978
515,2018,1 North West Metro,Maribyrnong,91412
516,2018,2 Eastern,Maroondah,117504
517,2018,1 North West Metro,Melbourne,170316
518,2018,1 North West Metro,Melton,156717
519,2018,4 Western,Mildura,55515
520,2018,2 Eastern,Mitchell,44297
521,2018,2 Eastern,Moira,29796
522,2018,2 Eastern,Monash,200211
523,2018,1 North West Metro,Moonee Valley,127905
524,2018,4 Western,Moorabool,34155
525,2018,1 North West Metro,Moreland,181779
526,2018,3 Southern Metro,Mornington Peninsula,165822
527,2018,4 Western,Mount Alexander,19513
528,2018,4 Western,Moyne,16886
529,2018,2 Eastern,Murrindindi,14477
530,2018,1 North West Metro,Nillumbik,64940
531,2018,4 Western,Northern Grampians,11429
532,2018,3 Southern Metro,Port Phillip,113264
533,2018,4 Western,Pyrenees,7352
534,2018,4 Western,Queenscliffe,2981
535,2018,2 Eastern,South Gippsland,29574
536,2018,4 Western,Southern Grampians,16133
537,2018,3 Southern Metro,Stonnington,116280
538,2018,2 Eastern,Strathbogie,10643
539,2018,4 Western,Surf Coast,32251
540,2018,4 Western,Swan Hill,20759
541,2018,2 Eastern,Towong,6053
542,2018,2 Eastern,Wangaratta,29085
543,2018,4 Western,Warrnambool,34862
544,2018,2 Eastern,Wellington,44016
545,2018,4 Western,West Wimmera,3861
546,2018,2 Eastern,Whitehorse,176272
547,2018,1 North West Metro,Whittlesea,223346
548,2018,2 Eastern,Wodonga,41428
549,2018,1 North West Metro,Wyndham,255366
550,2018,1 North West Metro,Yarra,98566
551,2018,2 Eastern,Yarra Ranges,158170
552,2018,4 Western,Yarriambiack,6657
553,2019,2 Eastern,Alpine,12811
554,2019,4 Western,Ararat,11843
555,2019,4 Western,Ballarat,109503
556,2019,1 North West Metro,Banyule,131639
557,2019,2 Eastern,Bass Coast,36314
558,2019,2 Eastern,Baw Baw,53393
559,2019,3 Southern Metro,Bayside,106855
560,2019,2 Eastern,Benalla,14033
561,2019,2 Eastern,Boroondara,183196
562,2019,1 North West Metro,Brimbank,209567
563,2019,4 Western,Buloke,6122
564,2019,4 Western,Campaspe,37614
565,2019,3 Southern Metro,Cardinia,112178
566,2019,3 Southern Metro,Casey,353961
567,2019,4 Western,Central Goldfields,13181
568,2019,4 Western,Colac-Otway,21561
569,2019,4 Western,Corangamite,16016
570,2019,1 North West Metro,Darebin,164223
571,2019,2 Eastern,East Gippsland,47307
572,2019,3 Southern Metro,Frankston,142644
573,2019,4 Western,Gannawarra,10468
574,2019,3 Southern Metro,Glen Eira,156534
575,2019,4 Western,Glenelg,19670
576,2019,4 Western,Golden Plains,23721
577,2019,4 Western,Greater Bendigo,118090
578,2019,3 Southern Metro,Greater Dandenong,168260
579,2019,4 Western,Greater Geelong,258937
580,2019,2 Eastern,Greater Shepparton,66500
581,2019,4 Western,Hepburn,15972
582,2019,4 Western,Hindmarsh,5585
583,2019,1 North West Metro,Hobsons Bay,97764
584,2019,4 Western,Horsham,19919
585,2019,1 North West Metro,Hume,233544
586,2019,2 Eastern,Indigo,16698
587,2019,3 Southern Metro,Kingston,165803
588,2019,2 Eastern,Knox,164552
589,2019,2 Eastern,Latrobe,75552
590,2019,4 Western,Loddon,7501
591,2019,4 Western,Macedon Ranges,50229
592,2019,2 Eastern,Manningham,127584
593,2019,2 Eastern,Mansfield,9174
594,2019,1 North West Metro,Maribyrnong,93481
595,2019,2 Eastern,Maroondah,118568
596,2019,1 North West Metro,Melbourne,178993
597,2019,1 North West Metro,Melton,164935
598,2019,4 Western,Mildura,55778
599,2019,2 Eastern,Mitchell,46086
600,2019,2 Eastern,Moira,29919
601,2019,2 Eastern,Monash,202895
602,2019,1 North West Metro,Moonee Valley,130312
603,2019,4 Western,Moorabool,35050
604,2019,1 North West Metro,Moreland,185810
605,2019,3 Southern Metro,Mornington Peninsula,167618
606,2019,4 Western,Mount Alexander,19750
607,2019,4 Western,Moyne,16951
608,2019,2 Eastern,Murrindindi,14567
609,2019,1 North West Metro,Nillumbik,65098
610,2019,4 Western,Northern Grampians,11400
611,2019,3 Southern Metro,Port Phillip,115619
612,2019,4 Western,Pyrenees,7469
613,2019,4 Western,Queenscliffe,2938
614,2019,2 Eastern,South Gippsland,29909
615,2019,4 Western,Southern Grampians,16097
616,2019,3 Southern Metro,Stonnington,117775
617,2019,2 Eastern,Strathbogie,10777
618,2019,4 Western,Surf Coast,33456
619,2019,4 Western,Swan Hill,20649
620,2019,2 Eastern,Towong,6038
621,2019,2 Eastern,Wangaratta,29183
622,2019,4 Western,Warrnambool,35180
623,2019,2 Eastern,Wellington,44377
624,2019,4 Western,West Wimmera,3838
625,2019,2 Eastern,Whitehorse,178778
626,2019,1 North West Metro,Whittlesea,230296
627,2019,2 Eastern,Wodonga,42082
628,2019,1 North West Metro,Wyndham,270606
629,2019,1 North West Metro,Yarra,101515
630,2019,2 Eastern,Yarra Ranges,159473
631,2019,4 Western,Yarriambiack,6636
632,2020,2 Eastern,Alpine,12972
633,2020,4 Western,Ararat,11964
634,2020,4 Western,Ballarat,111360
635,2020,1 North West Metro,Banyule,131939
636,2020,2 Eastern,Bass Coast,37444
637,2020,2 Eastern,Baw Baw,54883
638,2020,3 Southern Metro,Bayside,107540
639,2020,2 Eastern,Benalla,14136
640,2020,2 Eastern,Boroondara,183022
641,2020,1 North West Metro,Brimbank,208246
642,2020,4 Western,Buloke,6100
643,2020,4 Western,Campaspe,37674
644,2020,3 Southern Metro,Cardinia,116192
645,2020,3 Southern Metro,Casey,364599
646,2020,4 Western,Central Goldfields,13091
647,2020,4 Western,Colac-Otway,21661
648,2020,4 Western,Corangamite,15928
649,2020,1 North West Metro,Darebin,166429
650,2020,2 Eastern,East Gippsland,47724
651,2020,3 Southern Metro,Frankston,143337
652,2020,4 Western,Gannawarra,10399
653,2020,3 Southern Metro,Glen Eira,158215
654,2020,4 Western,Glenelg,19620
655,2020,4 Western,Golden Plains,24248
656,2020,4 Western,Greater Bendigo,119979
657,2020,3 Southern Metro,Greater Dandenong,168361
658,2020,4 Western,Greater Geelong,264865
659,2020,2 Eastern,Greater Shepparton,67069
660,2020,4 Western,Hepburn,16156
661,2020,4 Western,Hindmarsh,5591
662,2020,1 North West Metro,Hobsons Bay,98188
663,2020,4 Western,Horsham,20017
664,2020,1 North West Metro,Hume,241187
665,2020,2 Eastern,Indigo,16884
666,2020,3 Southern Metro,Kingston,167292
667,2020,2 Eastern,Knox,165146
668,2020,2 Eastern,Latrobe,75914
669,2020,4 Western,Loddon,7472
670,2020,4 Western,Macedon Ranges,50970
671,2020,2 Eastern,Manningham,128928
672,2020,2 Eastern,Mansfield,9473
673,2020,1 North West Metro,Maribyrnong,94981
674,2020,2 Eastern,Maroondah,119400
675,2020,1 North West Metro,Melbourne,183755
676,2020,1 North West Metro,Melton,172499
677,2020,4 Western,Mildura,55936
678,2020,2 Eastern,Mitchell,47646
679,2020,2 Eastern,Moira,30017
680,2020,2 Eastern,Monash,204935
681,2020,1 North West Metro,Moonee Valley,131752
682,2020,4 Western,Moorabool,36012
683,2020,1 North West Metro,Moreland,188761
684,2020,3 Southern Metro,Mornington Peninsula,168861
685,2020,4 Western,Mount Alexander,20000
686,2020,4 Western,Moyne,17026
687,2020,2 Eastern,Murrindindi,14660
688,2020,1 North West Metro,Nillumbik,65218
689,2020,4 Western,Northern Grampians,11402
690,2020,3 Southern Metro,Port Phillip,116475
691,2020,4 Western,Pyrenees,7554
692,2020,4 Western,Queenscliffe,3007
693,2020,2 Eastern,South Gippsland,30247
694,2020,4 Western,Southern Grampians,16133
695,2020,3 Southern Metro,Stonnington,118613
696,2020,2 Eastern,Strathbogie,10991
697,2020,4 Western,Surf Coast,34770
698,2020,4 Western,Swan Hill,20533
699,2020,2 Eastern,Towong,6101
700,2020,2 Eastern,Wangaratta,29196
701,2020,4 Western,Warrnambool,35532
702,2020,2 Eastern,Wellington,44769
703,2020,4 Western,West Wimmera,3809
704,2020,2 Eastern,Whitehorse,180734
705,2020,1 North West Metro,Whittlesea,236538
706,2020,2 Eastern,Wodonga,42661
707,2020,1 North West Metro,Wyndham,283293
708,2020,1 North West Metro,Yarra,103124
709,2020,2 Eastern,Yarra Ranges,159954
710,2020,4 Western,Yarriambiack,6587
711,2021,2 Eastern,Alpine,13098
712,2021,4 Western,Ararat,12004
713,2021,4 Western,Ballarat,113350
714,2021,1 North West Metro,Banyule,131437
715,2021,2 Eastern,Bass Coast,38586
716,2021,2 Eastern,Baw Baw,56217
717,2021,3 Southern Metro,Bayside,106919
718,2021,2 Eastern,Benalla,14220
719,2021,2 Eastern,Boroondara,178101
720,2021,1 North West Metro,Brimbank,202841
721,2021,4 Western,Buloke,6028
722,2021,4 Western,Campaspe,37612
723,2021,3 Southern Metro,Cardinia,118392
724,2021,3 Southern Metro,Casey,369441
725,2021,4 Western,Central Goldfields,13053
726,2021,4 Western,Colac-Otway,21625
727,2021,4 Western,Corangamite,15714
728,2021,1 North West Metro,Darebin,164879
729,2021,2 Eastern,East Gippsland,48170
730,2021,3 Southern Metro,Frankston,143051
731,2021,4 Western,Gannawarra,10321
732,2021,3 Southern Metro,Glen Eira,155888
733,2021,4 Western,Glenelg,19552
734,2021,4 Western,Golden Plains,24738
735,2021,4 Western,Greater Bendigo,121959
736,2021,3 Southern Metro,Greater Dandenong,164349
737,2021,4 Western,Greater Geelong,270978
738,2021,2 Eastern,Greater Shepparton,67287
739,2021,4 Western,Hepburn,16185
740,2021,4 Western,Hindmarsh,5517
741,2021,1 North West Metro,Hobsons Bay,97353
742,2021,4 Western,Horsham,19964
743,2021,1 North West Metro,Hume,245563
744,2021,2 Eastern,Indigo,17118
745,2021,3 Southern Metro,Kingston,165927
746,2021,2 Eastern,Knox,164301
747,2021,2 Eastern,Latrobe,76257
748,2021,4 Western,Loddon,7474
749,2021,4 Western,Macedon Ranges,51652
750,2021,2 Eastern,Manningham,127427
751,2021,2 Eastern,Mansfield,9586
752,2021,1 North West Metro,Maribyrnong,93924
753,2021,2 Eastern,Maroondah,118872
754,2021,1 North West Metro,Melbourne,167476
755,2021,1 North West Metro,Melton,179818
756,2021,4 Western,Mildura,55754
757,2021,2 Eastern,Mitchell,48537
758,2021,2 Eastern,Moira,29961
759,2021,2 Eastern,Monash,198296
760,2021,1 North West Metro,Moonee Valley,130790
761,2021,4 Western,Moorabool,36815
762,2021,1 North West Metro,Moreland,187013
763,2021,3 Southern Metro,Mornington Peninsula,169512
764,2021,4 Western,Mount Alexander,20145
765,2021,4 Western,Moyne,16996
766,2021,2 Eastern,Murrindindi,14922
767,2021,1 North West Metro,Nillumbik,64864
768,2021,4 Western,Northern Grampians,11273
769,2021,3 Southern Metro,Port Phillip,113416
770,2021,4 Western,Pyrenees,7562
771,2021,4 Western,Queenscliffe,3018
772,2021,2 Eastern,South Gippsland,30535
773,2021,4 Western,Southern Grampians,16041
774,2021,3 Southern Metro,Stonnington,115455
775,2021,2 Eastern,Strathbogie,11069
776,2021,4 Western,Surf Coast,35870
777,2021,4 Western,Swan Hill,20381
778,2021,2 Eastern,Towong,6140
779,2021,2 Eastern,Wangaratta,29201
780,2021,4 Western,Warrnambool,35531
781,2021,2 Eastern,Wellington,45132
782,2021,4 Western,West Wimmera,3769
783,2021,2 Eastern,Whitehorse,177227
784,2021,1 North West Metro,Whittlesea,238072
785,2021,2 Eastern,Wodonga,43147
786,2021,1 North West Metro,Wyndham,290654
787,2021,1 North West Metro,Yarra,100852
788,2021,2 Eastern,Yarra Ranges,159102
789,2021,4 Western,Yarriambiack,6445
